x,y,label
-0.0,0.0,0
-0.000390078538607727,0.0024757233918729763,0
0.0009752123942692374,0.004916750055012067,0
0.0006703317618026136,0.007488855956904431,0
-0.0007834252325756626,0.009994404743382857,0
0.0033809677085612647,0.012066617041963351,0
0.001518297992258067,0.014960748780167475,0
-0.004802904681904477,0.016873621958686268,0
0.00498141379074408,0.019421458280050565,0
0.005509415726848284,0.021873205349835133,0
0.005511075406287949,0.024449229145335965,0
0.0037677618009045715,0.027310244380322174,0
0.008268247067217127,0.028916310654399972,0
0.0024947398006222197,0.032485802964329444,0
-0.0021552922136243045,0.0350214614347598,0
0.0016833809665764347,0.03755627689048766,0
0.013860031084740652,0.03762884051686237,0
0.013542276272829706,0.040397054147330136,0
0.003487356842701363,0.044977788273334,0
0.022460103817371714,0.04198949193141075,0
-0.005529871514339201,0.049819349180560864,0
0.018352271245820548,0.04932826008094045,0
0.030315703831086036,0.04605583578256911,0
0.00902661682302462,0.05693297496360179,0
0.025947121667342588,0.05426614601098332,0
0.016452613401418095,0.06045797093317669,0
-0.0006337383459934288,0.06515982550121659,0
0.01768668665789149,0.06531690501249472,0
0.049795523786317124,0.04944692096638815,0
0.01394205585570058,0.07133196487374611,0
0.022546488089586893,0.0717278655491752,0
8.440121153337138e-05,0.0776941897453744,0
0.05315237849551874,0.06005784762645826,0
0.026852540239407793,0.07822627676556296,0
0.037514259895065794,0.07651105296787737,0
0.02480996400315605,0.08413763112225757,0
0.02843674885992082,0.08562712010288903,0
0.03839732753783007,0.08440875223625742,0
0.03782331263818673,0.087405330533409,0
0.042903293497738075,0.08782520990716358,0
0.03300685626610906,0.09466116186899154,0
0.04168653623728334,0.09392130534348403,0
0.03059615414777884,0.10071845789793277,0
0.031374403982855396,0.10310138422415861,0
0.04685011672492216,0.09982882447710961,0
0.06339118414046531,0.09328090437732743,0
0.023593010168012386,0.11284832151660627,0
0.08054751660289647,0.08595137318210157,0
0.014177014362038784,0.11946247597718501,0
0.04472865490387849,0.11437181028779599,0
0.08676315122403001,0.09041888374697808,0
0.06554928843264209,0.10973207306827854,0
0.06958237514878028,0.1101957848704528,0
0.08074905128309187,0.10547014860742822,0
0.06531053673399281,0.11853692105373985,0
0.0903378526174879,0.10411632586675777,0
0.03862509948111541,0.13493135446927665,0
0.10247411832212532,0.09953501062143501,0
0.08205441778912723,0.11998997065679556,0
0.08539398638553579,0.12071995540465588,0
0.054652338587145854,0.14009298759257624,0
0.1141228782990154,0.10172972727530111,0
0.04680872366565011,0.14817057860389088,0
0.08291783466903083,0.13437031151350712,0
0.11882487471295365,0.10774567626808004,0
0.10655302490421686,0.12322836891930547,0
0.10550406555286791,0.1273990946885496,0
0.11633926588291535,0.12108771315671824,0
0.15840356570155167,0.0628757032560727,0
0.10373177970046651,0.13836657445154976,0
0.11749905828202689,0.1302792095525943,0
0.10670591618332613,0.1424016201416865,0
0.09528414564476083,0.15324340481761414,0
0.0901209711297735,0.15922191555492402,0
0.16256479406667673,0.08927181299030601,0
0.1381461261553841,0.12746897843044377,0
0.13569281107687622,0.13367363300358515,0
0.10759760889567034,0.16020294297514265,0
0.15164445013240868,0.12336855797487875,0
0.13232201691541137,0.14728509395779682,0
0.11070139052401852,0.16717043591462202,0
0.09639498847989093,0.17866185626504877,0
0.08863645162434017,0.1854170840213792,0
0.1588171459451503,0.13434826164850316,0
0.13373749099602386,0.16259032302685678,0
0.1676581782400074,0.13142912930564954,0
0.16271968590412297,0.14134814620691544,0
0.1917695109974316,0.10376958060964388,0
0.17984661233521312,0.12766403787296218,0
0.14372424721489543,0.17058151528972307,0
0.16274802825219006,0.15617988568555902,0
0.20055014329153828,0.10860775732117685,0
0.16871917944303375,0.15716021659339394,0
0.1583560963767885,0.17102893010861647,0
0.2155190339778109,0.09515098488403724,0
0.14640031626858557,0.1877665832891631,0
0.2150664481001946,0.10786800504714153,0
0.1903466552671574,0.15122677799485182,0
0.18427297884992963,0.16238757187003194,0
0.17755383147859524,0.17331566741778953,0
0.23046085841366398,0.09849603308119001,0
0.21546869549359146,0.13285131515808543,0
0.1783533373602664,0.18314320994239974,0
0.20390661627503073,0.1583070449745838,0
0.2154529201040617,0.14669461802286968,0
0.22350330786291053,0.13891849746043142,0
0.14145896703117786,0.22487064452267155,0
0.24391242859543735,0.11145449561433879,0
0.21656200795189887,0.16237847196402855,0
0.2554713189995891,0.0967643187278251,0
0.23761808597383755,0.13979339372179714,0
0.266370312350579,0.0802470351067167,0
0.2212701205151479,0.17272234563764607,0
0.2204797737814894,0.1777510955633619,0
0.24296053167266154,0.15034238627400495,0
0.27804931556089824,0.0758924525431318,0
0.2905626959381028,0.009767388438410638,0
0.26605180499500847,0.12329670657650015,0
0.27653938009215906,0.10482238994177286,0
0.29582956162471646,0.037885574564662086,0
0.2832966307849366,0.1009688671251406,0
0.2921943577023991,0.08116624948916047,0
0.3030910620960128,-0.04034455512887761,0
0.2572589575315471,0.16984887069909635,0
0.294746569318129,0.09852293020038208,0
0.3044220859257577,0.07398352538196977,0
0.3156161446878377,0.01046140058197571,0
0.30899572214363213,0.07637945655908626,0
0.32055360854295356,-0.012621825151341541,0
0.30021878321451956,0.11998716636851739,0
0.3172436610789834,0.07423995956496439,0
0.2497465215299417,0.21312255632126084,0
0.3300912100567062,0.022053157276974558,0
0.3198857691616443,0.09372409401522275,0
0.3352656434294154,-0.01962612011217345,0
0.3237854066351576,0.09818826092638563,0
0.3385295127100211,0.0397233403927931,0
0.32796878983708844,0.10164379464386471,0
0.2999646401841575,0.172173107134414,0
0.34498154671577136,0.04847716396617425,0
0.3507667611043854,0.008802491669224135,0
0.33423649240533576,-0.11474247683235209,0
0.35306055152402965,0.04478552028891479,0
0.3567511199057518,0.034297581199076534,0
0.3603073864743293,0.020712927785007038,0
0.35761486972347145,0.06463248647920915,0
0.3120253502128881,0.191138201691697,0
0.3382141862254629,0.14610008986310907,0
0.3609677311565879,0.08537782218898517,0
0.3681560531504566,-0.06256006839681116,0
0.37351064299307396,-0.04266813924067223,0
0.3650064959963518,-0.09995859171282036,0
0.356166501407224,0.1351670811574545,0
0.3816984152793598,0.036699501879656295,0
0.3780646780916527,0.07769178007553196,0
0.37418640112463486,0.1043762104469338,0
0.38298958787860776,-0.07862783850278858,0
0.3843179241494023,-0.08443436883684857,0
0.39243673224447145,-0.0529289281599281,0
0.36507784996950615,0.15974172039631448,0
0.3925273635547243,0.08200779775192915,0
0.3666717483972142,0.16843740069131075,0
0.4030474038570058,-0.04900001016910744,0
0.4074540254862622,-0.029510546094132596,0
0.41028309213284575,0.02472744879868501,0
0.41335788367377024,-0.012062021079759774,0
0.38563936367797913,-0.15611420882992927,0
0.418545101874667,0.001028648238904122,0
0.39821506110188554,-0.1367848078961196,0
0.4076372574608099,-0.11503914883041713,0
0.42172874594254345,-0.06063322429927816,0
0.42509312091512347,0.05449135654757798,0
0.40914342000704607,-0.13575581141302873,0
0.37464133533807503,-0.21826341914863212,0
0.42901107960210944,-0.07825713009697062,0
0.4385891524525271,-0.002537216693263658,0
0.4354578211724431,-0.07034293225104317,0
0.4355932481675313,-0.08394931235153781,0
0.4430425584941676,-0.0522698933139113,0
0.38848923779892897,-0.22436000250566174,0
0.4503972824930074,-0.025663154401472307,0
0.4534800484104433,-0.011820700517602438,0
0.44074352419788476,-0.1175124060514346,0
0.396966749244908,-0.22972618235360454,0
0.46101267677782665,0.01137069112215936,0
0.4109691668790197,-0.21467219027623688,0
0.4484044105391833,-0.12745068608751609,0
0.3376377904379776,-0.325044405197857,0
0.4424603216704083,-0.16197999713496464,0
0.4603731137173768,-0.11150483159086103,0
0.4517949428123647,-0.15046162056712198,0
0.46041244143846255,-0.13103798850302487,0
0.48118426877340376,0.004246637509853603,0
0.4425423756271251,-0.19527136691662045,0
0.4296541546562274,-0.2276024112416995,0
0.43355383316354607,-0.2255661232409602,0
0.47174255758083067,-0.13698166408458567,0
0.449058092446528,-0.20523260948313107,0
0.4869679052461549,-0.09548295052513185,0
0.4264004180502652,-0.25871049649438976,0
0.486488967606268,-0.12076086937150853,0
0.4100956315780504,-0.29256641046759624,0
0.4986001795837233,-0.08776550362671415,0
0.40623406758810565,-0.30630500960355,0
0.4366446722885303,-0.2659827500877558,0
0.43356019025936166,-0.27568103660648036,0
0.4600097281702146,-0.234408115444059,0
0.48569386896595057,-0.18235071992297563,0
0.4403719709399974,-0.27897959452869203,0
0.5129459817748984,-0.1061265141920041,0
0.4160267901159446,-0.32238179253042687,0
0.4843080677612344,-0.21236398353203192,0
0.43623453390656464,-0.3033302093653064,0
0.48220027743973376,-0.22904641045985755,0
0.48841564660060455,-0.22161152005163756,0
0.42201891913467376,-0.3350466359297264,0
0.5193865415182748,-0.15264699889552305,0
0.45780221682586325,-0.29359912842736424,0
0.5017876341058173,-0.21615939280883933,0
0.34291133164071536,-0.42857028490734955,0
0.4762538767125305,-0.2778496639494019,0
0.46676533096558814,-0.29819188411421893,0
0.40661691403836336,-0.37978099609982174,0
0.476315932303129,-0.29238546644398405,0
0.37515177881549905,-0.41765421404913555,0
0.3628051098403517,-0.4317020801180977,0
0.3749251527351444,-0.42456832233384695,0
0.3429690760948574,-0.4539215822572594,0
0.33994560308075933,-0.4593120934516712,0
0.340600847490193,-0.46194400084601467,0
0.39632062851669747,-0.418586077598995,0
0.4228548542443248,-0.3954413074574695,0
0.3210473068258469,-0.48478547355585155,0
0.26632522383891477,-0.519692254764731,0
0.40121945979739865,-0.42774467647737946,0
0.30889172889968436,-0.5014722568467105,0
0.36677819648800536,-0.4640267269031483,0
0.277986813345844,-0.524920438895551,0
0.4030980713930403,-0.4396745728420935,0
0.5346695929230986,-0.2700489287211927,0
0.3201792006574444,-0.5092072780674722,0
0.5044744564910589,-0.33216506909101934,0
0.4800863341736476,-0.3706468975409421,0
0.37832141283143217,-0.477264478864948,0
0.4414155338231379,-0.4232255033711681,0
0.48965124618063255,-0.3705141644582563,0
0.46072112307772795,-0.409706342618593,0
0.31906699497535496,-0.5304867645530121,0
0.33650534971152335,-0.5225833725022538,0
0.3228823749675579,-0.5340393648623197,0
0.48082909759260456,-0.4017323146295522,0
0.23578067423948348,-0.5832151511421532,0
0.2740049165746033,-0.5690459317594209,0
0.5071340365225853,-0.38062990737313757,0
0.49239210563629743,-0.4034832401182949,0
0.40184030778356833,-0.49696105872351837,0
0.4364332030269701,-0.4702996544500752,0
0.34538983875480656,-0.5436762883677893,0
0.32993377730206663,-0.5561084913458904,0
0.30269370546818014,-0.5742272540208085,0
0.6104914863112025,-0.22786090824350852,0
0.33574205262995777,-0.5614003161458688,0
0.3858534518166596,-0.531314699437186,0
0.2547378233893149,-0.6079346637845973,0
0.10075702454265481,-0.6539374716405575,0
0.2835485408757839,-0.6005907618562109,0
0.2283502466679266,-0.626339052982601,0
0.23882747069682597,-0.6251030735845045,0
0.24970038601609373,-0.6235404255079243,0
0.2374685269336762,-0.6309791899304208,0
0.14346519626444948,-0.6613088794167007,0
0.007828908757543631,-0.679152872763315,0
0.24890252170271407,-0.6346402395693281,0
0.18419101622437412,-0.6589519814550692,0
0.2769194249547733,-0.628407180472941,0
0.4415294728886221,-0.5292259893079629,0
0.12218514915096157,-0.6808525876072407,0
0.2462580527464947,-0.6490916918690323,0
0.2701440896610642,-0.6422393501052641,0
0.279605827919858,-0.6409122519794621,0
0.27035388213636324,-0.6475862850885498,0
0.2809980607976038,-0.6457733002075823,0
0.26474253944787135,-0.6553097459880114,0
0.03516994513260954,-0.7084006797158522,0
0.31246452673186004,-0.6395278750877385,0
0.2095252950330681,-0.6828639925885378,0
0.34341774121050195,-0.6291700863378187,0
0.37264127795083446,-0.6152466530673676,0
0.23890231269470452,-0.6811221898387074,0
0.16248817040836572,-0.7058496270964383,0
0.08010653672609566,-0.7223890615153534,0
0.003156343782158895,-0.7293164782731933,0
0.0918348327119217,-0.7260446878714963,0
0.03629813569012062,-0.7334381846242981,0
0.0427555374205729,-0.7356006063812894,0
0.1409306622677462,-0.7257923683986034,0
0.07693842018532046,-0.7378541734866463,0
-0.140358067776314,-0.7310080475733004,0
0.4527100836573469,-0.5940236920119432,0
0.09365465839661602,-0.7434980483646388,0
0.29270110272267563,-0.6925670701140602,0
-0.06102560234660616,-0.7519135987032463,0
0.09654302935009272,-0.7507098588608568,0
-0.04693231810819978,-0.7579468540798079,0
0.11835057745089629,-0.7526566328879267,0
0.11443454514926553,-0.7557968999310968,0
-0.10687659658414303,-0.7594336888514681,0
-0.12786588022916057,-0.7587245413582727,0
-0.0038544127573827388,-0.771920201542682,0
-0.04634705744806069,-0.7730479985807892,0
0.16044125124308464,-0.760196046605761,0
0.008868350184818727,-0.7793981691069402,0
0.14262818752238846,-0.7688372036837603,0
0.1020515836587241,-0.7777948152655848,0
0.007631507441316497,-0.7869304149336865,0
-0.004722288099670169,-0.7894595607477597,0
-0.22229401251574338,-0.7601431529673616,0
0.03524564713015637,-0.7937040323947055,0
0.020954996418588674,-0.7967169530135675,0
-0.10707541336401098,-0.7922960949639334,0
-0.025487693492141448,-0.8015999111812742,0
-0.2704832106161953,-0.7576788432564907,0
0.2256164686886788,-0.7748383864740511,0
-0.35985996083626504,-0.7251410943898179,0
0.19780973291906986,-0.7875685065899133,0
0.1245808504457689,-0.8049528323268306,0
-0.006863073844524444,-0.8170137814506796,0
-0.2000542907975285,-0.7947569657610729,0
-0.16342134074437367,-0.8056476370262836,0
0.00938118739639951,-0.8245080360308135,0
-0.10186975482960359,-0.8207700545476202,0
-0.3990427421490414,-0.7272948530680461,0
-0.6534606114790583,-0.5151181314141647,0
-0.022115106537744983,-0.8342934085615785,0
-0.29217861964428865,-0.7844462351905687,0
-0.3189282100463211,-0.7766667711632406,0
-0.4199592619318206,-0.7299147159469438,0
-0.23194225764711224,-0.8121400271730791,0
-0.06391720385629193,-0.8447029944225267,0
-0.46655898818126595,-0.7100589793345924,0
-0.010656928779266365,-0.8520636842641408,0
-0.149384752476205,-0.8414795893079924,0
-0.3613374510670095,-0.7772574374088786,0
-0.1590603735144878,-0.8448055468096232,0
-0.2493261330662597,-0.8253171470653651,0
-0.37203232487713245,-0.7805329752025696,0
-0.36907156979834943,-0.7847078293836325,0
-0.15771330894211885,-0.8552541733569072,0
-0.29610724396480537,-0.8203774981074834,0
-0.41924932348846555,-0.7676632447152835,0
-0.4518858277905122,-0.7518422222197833,0
0.19140249587279629,-0.8586243950162881,0
-0.3003486349284994,-0.8295042290719753,0
-0.5421241569143275,-0.6991540110627098,0
-0.25549687729089604,-0.8496335711754491,0
-0.46733742954323876,-0.7571030815783433,0
-0.33650357910825235,-0.8263417832735789,0
-0.37346286157429953,-0.8130679600410005,0
-0.2848903758729982,-0.8508129454672603,0
-0.08411545363060843,-0.895808866586307,0
-0.3995716235611695,-0.8089547304567605,0
-0.8413850428680818,-0.33266396550613353,0
-0.4502062950906288,-0.7876863747260259,0
-0.37118901707456997,-0.8306071503222824,0
-0.242361044848831,-0.8794982676124256,0
-0.42935175453235047,-0.8077699342255892,0
-0.17888399562781526,-0.8996818279633932,0
-0.5793851931643366,-0.7143835915227285,0
-0.462905318433035,-0.7977258860236519,0
-0.4986831436101573,-0.7788404286186493,0
-0.35013710613899024,-0.85867527536173,0
-0.6034452361568136,-0.7074090485347745,0
-0.6034727814091265,-0.7106767008978249,0
-0.4453792336075074,-0.8219231887582248,0
-0.6788978408202189,-0.6463051084887987,0
-0.5074342345681885,-0.791092796980356,0
-0.43455572278722515,-0.8361793747103367,0
-0.3925763853057737,-0.8594464930323469,0
-0.6621223579862155,-0.6775698548950728,0
-0.5087195079901945,-0.802163563530243,0
-0.8307011539026786,-0.4657950958981942,0
-0.5316538630128637,-0.7931921388474761,0
-0.5555606221569956,-0.7797144847683093,0
-0.6051711984145846,-0.7451008988429929,0
-0.4750988797649593,-0.8369625990608076,0
-0.600591375493777,-0.7552123602878558,0
-0.7991223546804658,-0.5452541665156602,0
-0.6588756936870039,-0.7117843502494601,0
-0.8096126626358973,-0.5386553047777263,0
-0.6089326451336807,-0.7613828584655853,0
-0.7286156636508,-0.6515483278328202,0
-0.38168321549924084,-0.9025628398647221,0
-0.69274633190913,-0.6966509795726895,0
-0.46018195595051653,-0.8708521738392162,0
-0.4790633735231405,-0.8634770765321496,0
-0.5737331734877853,-0.806771728686387,0
-0.4993075481154051,-0.8577359213174146,0
-0.8011836526929029,-0.5900040825887,0
-0.7361906079030306,-0.6730654788908912,0
-0.7312392243793528,-0.6821211012196313,0
-0.0,-0.0,1
-0.0020885409028566313,-0.0013854113022652092,1
-0.0040189478750829585,-0.0029955848001289617,1
-0.004809634387936629,-0.005779249541983961,1
-0.009895369375518982,-0.0016073413425999703,1
-0.011141281195788425,-0.005736378892655682,1
-0.012797085525887939,-0.007897077617681552,1
-0.012494445248511536,-0.012315674943748186,1
-0.014506209295234312,-0.013841149408962307,1
-0.014437252981621315,-0.017330796296534265,1
-0.018555447683766022,-0.016847317863385843,1
-0.026512034736909836,-0.007560257350789105,1
-0.023617124794036864,-0.018621180088522832,1
-0.02744477578521105,-0.017559481854813874,1
-0.02755652155467565,-0.02172063915632259,1
-0.03308247524799072,-0.017856582450729224,1
-0.033711476538104336,-0.021715580810429198,1
-0.0405607360790945,-0.013043846026153903,1
-0.028824478140716408,-0.03470320670521039,1
-0.04618825868266649,-0.0115852689225675,1
-0.047409731692193854,-0.016274654300904207,1
-0.03294059267112121,-0.041048757069713455,1
-0.046306090719500544,-0.029932054234256683,1
-0.056003539921065534,-0.013654558425135492,1
-0.04978135055777652,-0.033762180947755786,1
-0.06246583951921799,-0.004886064904671581,1
-0.06346789095462442,-0.014765883021752588,1
-0.054054633084661144,-0.040708888555551985,1
-0.068798448096965,-0.013833499978643226,1
-0.062482253512098414,-0.03712947791556852,1
-0.07294266374473841,-0.018237286729019236,1
-0.07270392118362036,-0.02739587721319886,1
-0.07027022883915188,-0.038655081685943816,1
-0.07309979813252572,-0.038688871874163734,1
-0.06732555912128221,-0.05223533297237235,1
-0.08336349570643625,-0.027298404134783575,1
-0.08451721531606436,-0.03158310779601664,1
-0.08393988237894026,-0.03941177948708951,1
-0.08281750740626967,-0.047027175671019904,1
-0.09733390797472632,-0.008948209125736063,1
-0.09149157552085192,-0.0409814559974539,1
-0.0986637605711331,-0.028713085010991426,1
-0.10072579891622951,-0.03057197806259182,1
-0.09335878565372457,-0.053836658472447056,1
-0.0921502020923649,-0.06057283126911518,1
-0.1089910974878497,-0.02899499985474266,1
-0.11420346903851059,-0.015777878738069667,1
-0.1132490792639835,-0.032406589278150696,1
-0.10579105416582393,-0.05727585670511326,1
-0.12077748974238171,-0.022234242275074933,1
-0.12338617780582116,-0.021892237776063975,1
-0.12763628292164284,0.006842247864121273,1
-0.12615477693260851,-0.0327076472960759,1
-0.1323037565476345,-0.011835435512758128,1
-0.12731773807488042,-0.0458983815932427,1
-0.1274987092999609,-0.05239480942207846,1
-0.13701486648575487,-0.030418663526368267,1
-0.14247891493832437,-0.010388554437641926,1
-0.14536222356454395,0.0005869389259895661,1
-0.13753295889115114,-0.05431506018002842,1
-0.14649220573687416,-0.03395521968715689,1
-0.1507914947195417,-0.025197100686496606,1
-0.1469705399111673,-0.0504503456206098,1
-0.1577235768629845,-0.007349913195670768,1
-0.16006915715355086,0.010312445547341382,1
-0.16016282342328056,0.029776635401505033,1
-0.16268904130179973,0.02989837814911008,1
-0.16739593846331435,-0.013253635338488038,1
-0.16465770336335503,-0.043964581312880634,1
-0.17156211263856688,-0.021726310139415343,1
-0.17528787863296733,-0.007270539399938306,1
-0.17111734571070472,0.04881831587041246,1
-0.17966527895767967,-0.016822516708456914,1
-0.18284516611721807,0.0064072660253612,1
-0.18541550852100358,0.004225880312411758,1
-0.18664179279962698,0.022305466020268352,1
-0.1891227954382738,0.022665996204332912,1
-0.19292600068909457,0.004667615673330801,1
-0.19530586734895583,0.008453314842928236,1
-0.19727854480904108,0.016828274443525675,1
-0.19871219867491877,0.026724793836728006,1
-0.1996007123478885,0.037035230771884226,1
-0.19765531712293533,0.056287576041050745,1
-0.19688264000734704,-0.0671533120395058,1
-0.2096640368326673,-0.019034739265856013,1
-0.18955280596008622,0.09722455715228091,1
-0.2125236199003376,0.03592639143199338,1
-0.21558016101115982,-0.03269350679413003,1
-0.2058533643557761,0.07916629912967796,1
-0.2128291520431205,-0.06677173531242615,1
-0.22098954986881755,0.04519619720183711,1
-0.1856141638717086,0.13252692969656654,1
-0.22541969036381485,0.04849183836373863,1
-0.22702086486215003,0.05281169483205548,1
-0.23556120529237243,0.0036169728138106196,1
-0.2269335746885712,0.07204509062174037,1
-0.23898308843206864,-0.027859774851098664,1
-0.24179912583460414,0.02519067882609648,1
-0.236120227681835,0.06762760022024883,1
-0.2374902877230192,0.0718473860515522,1
-0.24605665954046965,0.047642377032209,1
-0.2488888474117052,0.04615812291477977,1
-0.2271291098032994,0.11731886368147139,1
-0.2274036314935741,0.12217453512435508,1
-0.24410123991016403,0.0913994333273647,1
-0.2629443552289854,0.0105992271199364,1
-0.25815653132989175,0.06271085594447096,1
-0.24770256326553292,0.1027561072036872,1
-0.2532134352376749,0.09564950423638856,1
-0.2228981341099942,0.15794097005062674,1
-0.26260821753567903,0.08391347801671017,1
-0.2350465783457771,0.14881477061470114,1
-0.2586664504519362,0.10901899983926926,1
-0.22178699605895322,0.17611732169170086,1
-0.24414415724438077,0.14841254510537702,1
-0.21226043180168958,0.19497844836867428,1
-0.2724403064156931,0.10148084345258687,1
-0.28630962082213357,0.06334383804601448,1
-0.2530512603933113,0.15305823005711672,1
-0.23114085473388535,0.188479048077115,1
-0.3000334194955043,0.020775955536766776,1
-0.22451733233148158,0.20385649416196988,1
-0.2976632578643608,0.06991752261494337,1
-0.2560637388456013,0.17164548277303543,1
-0.2881022387236195,0.11653071673389187,1
-0.14293650615414588,0.2787750412712368,1
-0.2849679528210904,0.13607445592287876,1
-0.29459194239245523,0.1205311792225,1
-0.29867794149179916,0.11707012294467609,1
-0.23197190578497862,0.22520495734871812,1
-0.2859912693629181,0.15609005714391694,1
-0.26103148152511135,0.1991409417523681,1
-0.26913705484462125,0.19238449628841417,1
-0.2708464727951532,0.19430208255583736,1
-0.3194563809410838,0.10361398038306661,1
-0.20639307120929967,0.2681041295661731,1
-0.19229312221064138,0.2814312169929437,1
-0.2568946233113048,0.2278160236035895,1
-0.22719001130706315,0.2607816384322831,1
-0.3194927225925941,0.13887657545814194,1
-0.2792200123505741,0.21248762142344438,1
-0.2510901920425861,0.24866359666236265,1
-0.2120969660489383,0.2857837869138771,1
-0.25567088180662256,0.25115749207686283,1
-0.28872477617368697,0.21653739111027226,1
-0.3275621451827391,0.15738104841149964,1
-0.29666442982050906,0.21420515260068687,1
-0.35058950890852136,0.11323015616629023,1
-0.30598141344555374,0.2096722444290847,1
-0.30673218866374646,0.21299766681042148,1
-0.2595021015512353,0.2720099811143946,1
-0.12748390938816276,0.3563275389635999,1
-0.30951194457909303,0.22209698943514836,1
-0.36991454012982916,0.10101369543545344,1
-0.31660961873181803,0.22074252612114098,1
-0.25325277405524155,0.2945723824923061,1
-0.31638643490390156,0.2297019486635794,1
-0.29337648835763497,0.26222064286078856,1
-0.21617656388193493,0.3317766620470426,1
-0.11261411993625414,0.3822529447427639,1
-0.21688035331678113,0.33729204315627165,1
-0.14657683545568864,0.3759448900199484,1
-0.2862123942216885,0.2879768673805828,1
-0.2014570658088199,0.3553937335567896,1
-0.18465576117048815,0.3672137147230866,1
-0.2323316140254576,0.34209977122487606,1
-0.27004065152588497,0.31649235621105754,1
-0.24555271062338957,0.3389467904051912,1
-0.18358144334479445,0.3789237023715972,1
-0.2380089546625892,0.3503624936179942,1
-0.18095494122266562,0.38572896221349334,1
-0.24548514580693087,0.35129832418601853,1
-0.1714924485548271,0.3954975582176733,1
-0.04030899046302704,0.43170619125766435,1
-0.3022417694561879,0.3143637982153387,1
-0.14806091931701462,0.4128496654819707,1
-0.12407194247157277,0.42329398203761054,1
-0.20945063599498204,0.3910490966294822,1
-0.1834709987897423,0.4066414181895395,1
-0.1849547743658096,0.4087212131138116,1
-0.24876689651302988,0.3763393957190706,1
-0.156203943697387,0.4258922530880885,1
-0.1690207571011096,0.42366968662784504,1
-0.06721827318335238,0.4536941950422988,1
-0.17968256585231188,0.424707141799125,1
-0.14351673763017866,0.44088859298378635,1
-0.17048314090433447,0.433872897796767,1
-0.18869624365734802,0.42900684203387135,1
-0.3326126853094612,0.3337326134733518,1
-0.1334552493568143,0.45449579505321014,1
-0.31005676029610413,0.3614168991748956,1
-0.1637704695194127,0.449810853554731,1
-0.2042409163543663,0.4357085981844564,1
-0.1996877624096971,0.4405672008978803,1
-0.16648859711295408,0.45682282916657474,1
-0.17351899100149873,0.4568809056708124,1
-0.05743632790284075,0.48785867335256317,1
-0.08174491075271377,0.4869202850087484,1
-0.23389381381797142,0.43766244805614407,1
-0.19290239513220428,0.4599316291168434,1
-0.216264137204532,0.45219965295558817,1
-0.15453417066774663,0.4794712938949795,1
-0.011067402701947837,0.5061446782345981,1
-0.0700967928349442,0.5039199502020766,1
-0.010799293602509105,0.5111641306272287,1
-0.14497606822950881,0.4929060885836878,1
-0.06773324486752663,0.5118284108341249,1
-0.13491595241039095,0.5009471081788361,1
-0.1730789094390129,0.49173242526843125,1
-0.15406769289412625,0.5006391547210837,1
-0.07378656770470754,0.5211178875030735,1
0.038832742829361354,0.5273943345207287,1
0.04467263949704221,0.5294470131813435,1
-0.05797847533634896,0.5306767962754487,1
0.035968301550448036,0.5351334328440525,1
-0.08840534987576783,0.5315455864446322,1
-0.14521204513580957,0.5215140915925476,1
-0.0905898676708341,0.5362618705626603,1
-0.15658448600729868,0.5234472385855424,1
-0.15010473424669438,0.5279481406633655,1
0.1932322839450644,0.5164101812337589,1
0.008189404510270223,0.5538241666781705,1
-0.10683010967495438,0.5460386867681555,1
-0.0003113238408126701,0.5588971563990385,1
0.09896632082606299,0.5526115878296319,1
-0.014803512395237417,0.5637154332864465,1
-0.1222815163160285,0.5530590938139446,1
0.01191755324295829,0.5687974700374424,1
-0.14528214367118114,0.55265152761501,1
0.2919610643622523,0.4941254234757824,1
0.12991475040368372,0.5616106325339029,1
0.0045285449240315325,0.5789296569381578,1
-0.061911871283494326,0.5781481201085729,1
-0.028591448891380197,0.583259542198488,1
-0.03262704061374049,0.5855578873140074,1
0.025567950352790064,0.5884172027433653,1
0.09447490874283099,0.5838848690602254,1
0.06728917325827452,0.5901612514615755,1
0.03243299986459993,0.5956088361369808,1
-0.06719622733014195,0.5952164854341752,1
0.10832475370256897,0.5916692659804139,1
0.09139342335225845,0.5970555690588154,1
0.06537768140454125,0.6029823958385379,1
0.0709797957252517,0.6048721706210354,1
-0.11552694105216843,0.6005172987477323,1
0.1123894778538846,0.6036619038983472,1
-0.04871859942374079,0.6146134870811866,1
0.14234312983983471,0.6024602792184113,1
0.019736997294094758,0.6212404385888903,1
0.37958263742808507,0.4953464370018012,1
0.18464506242427908,0.5987417428505132,1
-0.09898926428400286,0.6212355144573609,1
0.305398382558842,0.5528325195657776,1
0.08173741718082762,0.6287949204781965,1
0.06673105776546147,0.6330842571718294,1
0.14395712607020839,0.6226734880342982,1
0.28396184603874147,0.5753445712566607,1
0.017274452549119444,0.6438785914577181,1
0.2468087799075605,0.597660754703162,1
0.1061144701961903,0.6403906134581591,1
0.0894945551272203,0.6454542377013252,1
0.14953004092325384,0.6368153639276841,1
0.216606899407883,0.6198868019612628,1
0.2629316295093269,0.604435995205106,1
0.11074219358631773,0.6523207503751698,1
0.2421726468511944,0.6184346751087754,1
0.36383969696438845,0.5586278898849452,1
0.44126755855151256,0.503065955053833,1
0.1689748901060471,0.6500772504347763,1
0.46629044620907223,0.4869283922543893,1
0.30841575791791387,0.6023216888029919,1
0.33322709313354343,0.5918358056055466,1
0.4024625178612052,0.5502223375212999,1
0.3659452828283931,0.5781246356080814,1
0.32598471616911306,0.6044120425764005,1
0.32924299869388074,0.6054977051974333,1
0.4175331614615312,0.5515029608301817,1
0.21835017721437555,0.6590039856528555,1
0.45612045687015135,0.5266909348251606,1
0.42350366871394884,0.5564104387320215,1
0.3650994894071143,0.5993009102743424,1
0.1916883493466467,0.6776714854247329,1
0.3053269506622291,0.6374126831021519,1
0.3806594345057769,0.5984704194730549,1
0.31546688947825946,0.6380522119097424,1
0.34658906399813033,0.6245639297538346,1
0.0996688743140927,0.7098287525970071,1
0.15130040128739403,0.7032056276180548,1
0.3240208776570033,0.644990095539412,1
0.23635010402597603,0.684663954010834,1
0.4194392180007237,0.5935770849908408,1
0.23060165970418756,0.6919070476072335,1
0.41082413558373176,0.6056385513716286,1
0.5407738832940112,0.4968025085148822,1
0.5141206070734768,0.5278411593188259,1
0.49178061782846166,0.5520759345607595,1
0.5287190325092814,0.5203887839824416,1
0.47569274730857913,0.5725290935531969,1
0.45518037532419564,0.5921329178793105,1
0.5972169408339006,0.45265049270094776,1
0.5534468368543144,0.5089397615802854,1
0.6253324423510945,0.4219686251368076,1
0.4766896503781185,0.5879224659165251,1
0.6520055066975873,0.38932620683497443,1
0.29147640798355123,0.7039462833215033,1
0.44613169568589,0.620717914332596,1
0.43787178324554976,0.6296272199463111,1
0.3456194448434716,0.6874298599364081,1
0.3298526022509102,0.6979060931355321,1
0.6073017969041681,0.48055778562086193,1
0.18277309523557153,0.7551380138977799,1
0.5694648808051079,0.5322122726618347,1
0.6043508535395842,0.4961990442052077,1
0.6484982327100849,0.4413947695127067,1
0.5185388165207425,0.5919756866753894,1
0.7254138420377066,0.31151798638447026,1
0.6882346111080732,0.3918741648494202,1
0.6304381804983905,0.4834832440231183,1
0.5623691499214848,0.5647459201364033,1
0.29301540542851834,0.7438684147238226,1
0.5810292061462359,0.552826466199341,1
0.6798358671556695,0.43018785486393935,1
0.44270593278491105,0.6747508971274528,1
0.5560733236278195,0.5883122104252567,1
0.6851094235134031,0.43591045046306526,1
0.6372970776650055,0.5072690463338184,1
0.7404205274549469,0.3454505223418722,1
0.5113148850633408,0.6404821950725189,1
0.5634081422902952,0.5986200087348582,1
0.595904098810389,0.5699121100462191,1
0.7020313233903804,0.4372561610428125,1
0.7899311201258695,0.2533806204463676,1
0.7141600541097345,0.4270045399995024,1
0.7662872400381976,0.330663628573078,1
0.664308174513827,0.5093318083096773,1
0.824179310319646,0.16017159871062148,1
0.8164549817115182,0.20625842304417938,1
0.6793621326686817,0.5018323697361396,1
0.7623738715242149,0.3693164466313,1
0.6768129341936258,0.5136003268054105,1
0.8340542294530191,0.1745841759848761,1
0.5850061893939196,0.6230340776114339,1
0.8140151881407449,0.26846443158677075,1
0.7922945193445238,0.3335655991847852,1
0.8395340313232,0.19620021437323643,1
0.8482462187844323,0.16768461005701252,1
0.7591880874548045,0.4190628222547378,1
0.6959263598375675,0.5215550695229715,1
0.7548768876250104,0.4368748377500176,1
0.7295106113841883,0.4825879405975672,1
0.743690927096599,0.4651788187616667,1
0.860486170850169,0.18285053163454684,1
0.8663756195657354,0.16637263709454492,1
0.8800927087714934,0.09028707915533334,1
0.8476866759923687,0.26188386532727653,1
0.7274881888901418,0.5122209330092303,1
0.8843497738671828,0.11832531004601188,1
0.8780704119111845,0.1718905708484938,1
0.7955878763942074,0.4148314421235314,1
0.8342682654630219,0.33696497775799744,1
0.8908964049257441,0.14271942395505874,1
0.9002424542038939,0.09031958789398763,1
0.9013310827998064,0.10362341553523459,1
0.8241989433180351,0.38520854922589964,1
0.9027847952103947,0.13128477569924338,1
0.9127017203891685,0.06173139685340474,1
0.8273754266806906,0.3960767334548573,1
0.8892209288020225,0.2351962110142433,1
0.9215725839378205,0.03676813294115664,1
0.9240136522907314,-0.038419543882423905,1
0.9273182621674976,-0.0002495267151866854,1
0.8525914126153389,0.3710277592361634,1
0.9287815432069668,0.08127494139505233,1
0.9226284410200829,0.15058934148255826,1
0.9340273382648219,0.07877501445893363,1
0.9270065498675226,-0.15484241133719906,1
0.8787923815358587,0.34023311574952697,1
0.8807604872526792,-0.3420898372939049,1
0.9465661567915752,0.03897994387609085,1
0.9301622569831435,0.1925099897390997,1
0.951224079711721,-0.04692790890972401,1
0.9382023975189953,0.17772411337672725,1
0.9545341159323406,0.07393851614850773,1
0.954169126893072,-0.10473206830428451,1
0.899285905032107,-0.3427976061630618,1
0.9534955979012675,-0.14799275060612088,1
0.9646145544001059,-0.07360302502088291,1
0.9672489820665213,0.07199685884019469,1
0.9697105894882224,0.072688193676665,1
0.9719513229588636,-0.07624597873489232,1
0.8817298096698837,0.4218394855375094,1
0.9567068942969461,-0.21216426490623708,1
0.9030764469347766,-0.3868759474363868,1
0.9804812203870206,-0.09384837628489046,1
0.9835159687815195,-0.08826503667720717,1
0.9767786027511336,-0.16110225875365475,1
0.9877379553676363,-0.09691578741058052,1
0.9887863314132773,-0.11091281992604783,1
0.9764196828681377,-0.20395674283274856,1
0.8733201372258038,-0.48714673140225756,1
0.0,-0.0,2
0.0022477655783903296,-0.0011085655072899225,2
0.005000970386113234,-0.00034024331678367086,2
0.007376051364814492,-0.001458140760613548,2
0.00978205768548742,0.0021939071783889375,2
0.012512721126918596,-0.0006826415484713512,2
0.014097555435406025,-0.005233370195412467,2
0.016918979694694244,-0.004640596672696653,2
0.01990686604300671,-0.0023925320111016757,2
0.021205944423840193,-0.007687567561999077,2
0.024479789972956294,-0.005373698988116659,2
0.027179454127189206,-0.004617656380599577,2
0.030035771039931006,-0.0015392821259118826,2
0.03258102224552222,0.00016766140531052258,2
0.030232820783431508,-0.01780799239188374,2
0.03444436828210164,-0.015062974440679389,2
0.0325328760868251,-0.023444446545668848,2
0.03982644480543029,-0.015138346164359702,2
0.0404794930215115,-0.019914159295099536,2
0.04441857921526382,-0.017162852811885832,2
0.04171736414588096,-0.02778864085304849,2
0.05059665926018094,-0.014493487302999961,2
0.04978464056626386,-0.023699609112662872,2
0.05618209727482923,-0.012900209117585873,2
0.05907023277030847,-0.01134792166728408,2
0.062006721702797245,-0.009001177743229635,2
0.06403946435594447,-0.012047883160285638,2
0.06504025151366365,-0.0186784005842328,2
0.049032020689087366,-0.05020411466558114,2
0.07054235985447184,-0.017504445161016204,2
0.067180344479665,-0.033764361936929624,2
0.06487812467776582,-0.04274603118478981,2
0.06619170058923271,-0.04528552941458374,2
0.0816320275384757,-0.013289897436361692,2
0.08030706602726445,-0.028496246556704,2
0.07584535843600217,-0.04406990910380166,2
0.0890806181838756,-0.014328148757441138,2
0.076784070803265,-0.05199421782283565,2
0.09216609876168572,0.023993853872016753,2
0.08191213782910411,-0.05333255820281125,2
0.09055337176496445,-0.0430148228981027,2
0.0567901260061349,-0.08563796172897636,2
0.0985411178487001,-0.037013247670272045,2
0.09503790906618449,-0.05081382188484391,2
0.10113991964368385,-0.04394820005517365,2
0.09398602078197481,-0.06234097565608582,2
0.1021795659141238,-0.05339204161206525,2
0.0900912623655531,-0.07588877010575311,2
0.09754481355138925,-0.0704079558860053,2
0.09500557928308359,-0.07781711548948321,2
0.09936838621534166,-0.07635013273945326,2
0.08694422544397103,-0.09369385644659774,2
0.09805610918256474,-0.08584764054147123,2
0.08214553917121374,-0.1043861673051702,2
0.10886385014277314,-0.0804060320714473,2
0.12102729330450736,-0.06598129434102219,2
0.0860717522816292,-0.11086037248723955,2
0.1147691878588926,-0.08506583793460415,2
0.09332533254594194,-0.11144910426791528,2
0.125903322196424,-0.07754865571767584,2
0.11647632546008087,-0.09511145510912483,2
0.1045077541291994,-0.11158448857090233,2
0.09048772986069835,-0.1263231875772468,2
0.11102858580887887,-0.11226487008729888,2
0.10356717742124757,-0.12248396370958473,2
0.11918464703480133,-0.11105763338888927,2
0.10941824009315411,-0.12405356065249705,2
0.08435602462213107,-0.14519338887721356,2
0.1198210497256781,-0.12119389311986016,2
0.1516149277816463,-0.08317754936909687,2
0.11895704451712817,-0.12894930282309372,2
0.12787893005276618,-0.12373905291402522,2
0.10481702539528646,-0.1468877146620201,2
0.14442815883360507,-0.11231168579576999,2
0.1288920196853823,-0.1333552253417173,2
0.14518518128625454,-0.11938993160529761,2
0.10389198267264843,-0.15964847344922567,2
0.0915012715699144,-0.16991099340257892,2
0.11640676077334554,-0.15705192262121054,2
0.10324484681278946,-0.16894530673955727,2
0.07383943657279979,-0.18640946895060742,2
0.12812465097092388,-0.1574678586305478,2
0.13693792674534971,-0.15324464043558078,2
0.08807636412570558,-0.18845396078759916,2
0.1712601148221995,-0.12243897545706696,2
0.15856968773790028,-0.1422622047189767,2
0.07793073612581482,-0.2009571968946537,2
0.038640362428395116,-0.21459402041878448,2
0.11061783011677215,-0.19080515243236618,2
0.17132374183968752,-0.14283867850856963,2
0.11414421544395996,-0.19455121555367572,2
0.04627599225990394,-0.2233260787838122,2
0.06341967685841172,-0.22168319687966373,2
0.09871608508416277,-0.2111461170361631,2
0.13518277010888932,-0.19294502480452366,2
0.09098200297366281,-0.22002640191242623,2
0.14576127834940508,-0.1914229175026624,2
0.05131090053415628,-0.2376311828032512,2
0.14905478139710512,-0.19521507722184933,2
0.07017873684309243,-0.23798871515328454,2
0.12949205887192183,-0.21458211128284782,2
0.06466219358421565,-0.2447346142208339,2
0.07541728513085703,-0.24426129738262242,2
0.1324796968293798,-0.22155847665416264,2
0.06709345656271261,-0.2518684970866945,2
0.15800657785894998,-0.21044238859039413,2
0.07163262041412836,-0.25582457625133476,2
0.07794254179931144,-0.25659372087764265,2
0.08631476339200896,-0.2565455769763194,2
0.08534901520209089,-0.2595081382428751,2
0.05815973030414624,-0.2694846813477093,2
0.13392394979668384,-0.24383827758581905,2
0.0816132523168553,-0.26857541205706803,2
0.11611462740477094,-0.25831023193703223,2
0.10541999016194725,-0.2655546624246681,2
0.10510340352756087,-0.26837354713871897,2
0.06290513465131135,-0.2838397896388482,2
0.022239157494822116,-0.29238854400888226,2
0.0757443806927746,-0.28587506181604705,2
0.051344911149205134,-0.2937926928809611,2
0.03562694007987869,-0.2986342483426436,2
0.13573380339054783,-0.2711859829460039,2
0.013312454941048536,-0.3054744729015481,2
0.05191515166877498,-0.3038677790342122,2
0.1621830918460527,-0.26510177785018874,2
0.040031565362693367,-0.31071504984784115,2
0.12410543840737927,-0.29038049495009627,2
0.020461710039553316,-0.31763736573265955,2
-0.006012286938241047,-0.3207456606500428,2
-0.01977170086548875,-0.3227031418081308,2
-0.03857038941819288,-0.32352347233413126,2
0.05731246837891877,-0.3232798014066608,2
0.07420498955041079,-0.3223975313621476,2
0.12958176115405823,-0.3071150896444584,2
-0.07544615014668574,-0.32725542727790036,2
0.08458522493786623,-0.3276022952542502,2
0.0663151527967084,-0.3343388629178416,2
-0.052346258941986634,-0.33934474693383265,2
0.033630898399737666,-0.34422569174010825,2
0.0123697179553299,-0.34815125028974814,2
0.08973359043028843,-0.3392089139508822,2
-0.15775465690950663,-0.31621723082148573,2
-0.018743075408199417,-0.3553958257974386,2
0.04410072059544119,-0.3556723380768853,2
0.013334444757154087,-0.3606558341527377,2
0.04931533623845483,-0.36004687329222673,2
0.07207533092783534,-0.35874611913309157,2
-0.040803191458049184,-0.36615457335529544,2
-0.04853010014988877,-0.36773890851732083,2
-0.040173581754384256,-0.37126638005367424,2
0.016325908917902476,-0.37558519038077803,2
-0.09561463998840151,-0.3661684076987438,2
-0.03370872510699521,-0.3794580851753577,2
-0.0885791802351663,-0.3730874729789992,2
-0.04244759779130503,-0.3836236631825485,2
0.021522881698704904,-0.3878744921456583,2
0.024595043500575547,-0.39020308205632,2
-0.0009495897767961775,-0.39348256345439064,2
-0.10087378756957929,-0.38292628433191317,2
-0.052908761160001816,-0.3949682477947378,2
-0.1685652191810117,-0.3638526857311919,2
-0.009058768158443005,-0.40340707448403373,2
-0.07678355470968941,-0.3986884704610721,2
-0.11641581730898633,-0.39158270224310765,2
-0.11570484678735361,-0.3944059467656336,2
-0.15933906137396286,-0.3816035847161963,2
-0.1966105939418718,-0.36665193217324765,2
-0.1264113133830102,-0.39900030108918105,2
-0.09774122076421178,-0.4095509398390857,2
-0.18084481354223667,-0.3830108260201938,2
-0.025832957439304388,-0.42528129673562654,2
-0.07403076309619937,-0.4221290270795761,2
-0.15764659572576972,-0.4012175585932745,2
-0.2232084404076624,-0.37171634671228343,2
-0.12456800374050266,-0.41792044371684883,2
-0.2890374103074883,-0.32988521876603577,2
-0.17024842529187242,-0.4069239681114446,2
-0.20135790370447382,-0.3952770667635253,2
0.10956495584313572,-0.43245158207040624,2
-0.0013404571347032164,-0.44861955127324016,2
-0.3200454859835848,-0.3179421275522494,2
-0.10985509235604224,-0.44013150529189604,2
-0.21975661805849117,-0.3997137081935809,2
-0.30066782989095686,-0.3463460335177723,2
-0.15536990967036413,-0.4341914001169016,2
-0.18070797424636997,-0.4269946527147684,2
-0.1959495279124136,-0.42298223991802925,2
-0.2048217908065209,-0.4215461740937499,2
-0.29702710063436866,-0.3657643465583612,2
-0.1971069777647074,-0.43072679347633136,2
-0.1551042811410952,-0.4502222024580935,2
-0.3092625945926186,-0.36538639581692994,2
-0.3140629594982555,-0.36458303843751766,2
-0.28164059314067974,-0.39325975799533697,2
-0.2655334324918825,-0.4073052251634786,2
-0.24603820983558292,-0.4222726625128149,2
-0.25383741402556614,-0.42056103501049513,2
-0.3455401317576633,-0.3526692667810261,2
-0.325509803035738,-0.374563883347618,2
-0.29382055454131456,-0.40301106590123426,2
-0.18037197660474544,-0.46767579927731157,2
-0.3208768006067135,-0.3883447056491095,2
-0.2900537474675655,-0.41493824394455814,2
-0.3068780580182192,-0.40580134805637963,2
-0.10913542592791568,-0.49949459655709594,2
-0.1731571351354559,-0.4837262439374557,2
-0.3306310852924328,-0.39653398345617,2
-0.414486458822812,-0.31201169026186637,2
-0.32180220613281363,-0.4101224537635382,2
-0.416564683704787,-0.3175693334116044,2
-0.17846291314338122,-0.49513563685285816,2
-0.2989342659349877,-0.43622364751366205,2
-0.3190964567926533,-0.42483789349427464,2
-0.31403775603663464,-0.43169393497126746,2
-0.30736286418232184,-0.43953336549745975,2
-0.40264326790111993,-0.3580986109569987,2
-0.3909252881056063,-0.37448752302536487,2
-0.41774416121080893,-0.3482429234288334,2
-0.39080935306305625,-0.38181639880894996,2
-0.3914159822808254,-0.3847781169561388,2
-0.5052028279250946,-0.22088072232994208,2
-0.4077284698821817,-0.37489434350298967,2
-0.43642516525620756,-0.3451144663901335,2
-0.36593565949667495,-0.42244197407714906,2
-0.5047883064436095,-0.2456881465175453,2
-0.4560708064101196,-0.3316529108043306,2
-0.4014670676264112,-0.39956391740784014,2
-0.40554191899800535,-0.39900920030960346,2
-0.49481257089712705,-0.285816605408212,2
-0.3377654895969674,-0.4640211970007204,2
-0.35597978126041746,-0.4533902736951547,2
-0.3540152500015685,-0.4580974330510803,2
-0.5658937979110211,-0.13361339033473077,2
-0.5507069064049216,-0.19424486544879127,2
-0.31323900751214767,-0.49580630022989736,2
-0.5018280794311931,-0.30831331995872235,2
-0.4442923124466133,-0.3904502398517431,2
-0.5075677501481244,-0.3085338143122178,2
-0.4661461031539099,-0.3721687731111926,2
-0.5129660431820857,-0.30929570970534054,2
-0.43868287208020684,-0.4115387105898847,2
-0.5149410632693942,-0.3156957581836931,2
-0.3836826997717619,-0.4697335380967265,2
-0.46800089154211066,-0.3897225162969044,2
-0.45057039003165095,-0.4134656259362685,2
-0.4583404525544307,-0.4086112070203727,2
-0.6006740199152445,-0.1389746819775719,2
-0.5457895624549095,-0.2921193389075849,2
-0.5537567829495915,-0.2822811664592999,2
-0.540772578829701,-0.31147405874826123,2
-0.5319213138527695,-0.33112715016814825,2
-0.37852533909499897,-0.5024450283658961,2
-0.6272733864167767,-0.07362109379948062,2
-0.5068523319527591,-0.38100494876133056,2
-0.6228463494085714,-0.13157178944485032,2
-0.6047278507884892,-0.20676110206692158,2
-0.6069846908066029,-0.20790692823148849,2
-0.6305006853538182,-0.1317077560996785,2
-0.6274239497794537,-0.15637179667370132,2
-0.6446226169185351,-0.07630268899216515,2
-0.5687243228764749,-0.3180771807796229,2
-0.6104175643878745,-0.23512430320924668,2
-0.6390811169856782,-0.15084270625123544,2
-0.6558702531809838,-0.06565154292420793,2
-0.6085372776415453,-0.25974713960109524,2
-0.6504904986499478,-0.13405651579073666,2
-0.6589580250203267,-0.101087910779454,2
-0.6421970391891975,-0.18808342888427512,2
-0.5454834751253052,-0.39191928172062435,2
-0.6638902557028942,-0.11737021680156269,2
-0.6666914132818949,0.11590623792859117,2
-0.5968942517345548,-0.32407895433249506,2
-0.6784006817939039,-0.0670314398782436,2
-0.6836241910466053,-0.028319776432802944,2
-0.6379069538464365,-0.2542728271396573,2
-0.6697595375106808,-0.16263635848658012,2
-0.5590772720319789,-0.40733531717959187,2
-0.6909712975302452,-0.06724372822254394,2
-0.6845107205243691,-0.12997801925574254,2
-0.6853552588114055,-0.13869427877056156,2
-0.696245307679114,0.08775927162304258,2
-0.7037372593862649,0.027146550140209905,2
-0.685960104411604,-0.17022987556771907,2
-0.6753348210884313,0.21677483130651623,2
-0.7110710458559354,-0.031748247594938855,2
-0.705057025697716,0.11444943052258082,2
-0.7115875519615763,-0.08622005807115007,2
-0.7132604489382929,-0.09300267804624612,2
-0.657557044668131,0.29769193054039617,2
-0.7175990216856822,-0.09837553390244336,2
-0.6992981800036387,-0.19810368211338455,2
-0.7202936897147247,-0.11440930269882914,2
-0.7318012772545752,-0.006435518177853467,2
-0.7228461559888926,-0.12939304498946577,2
-0.7349298300163041,0.053051230342462403,2
-0.7332962256222348,-0.09440688047522791,2
-0.7049580508883891,0.23104642027072853,2
-0.7322839845022368,0.13354144992606906,2
-0.7468333426283318,0.007108083787823127,2
-0.7366501215841846,0.1375032411669613,2
-0.7513644420382738,-0.027830871024049936,2
-0.7164499966921369,-0.23621512715418877,2
-0.7155301107661557,0.24678433761880728,2
-0.7589727447526478,-0.025425357718606875,2
-0.7567442730931464,0.08852667029702076,2
-0.7631970517191262,-0.04306366584731085,2
-0.7229652453509035,0.255897222874079,2
-0.7412573342396036,0.20627694350580222,2
-0.7693514761138467,0.06303935476227765,2
-0.7620139632185551,-0.13815200940923056,2
-0.7645968110488582,0.13795340122444072,2
-0.731969759780716,0.267881362563378,2
-0.7609771761514159,0.17990881862988964,2
-0.7817687144631871,0.06493825889146376,2
-0.770006393110099,0.1625049919944207,2
-0.7780284825782854,0.13394169760710262,2
-0.7880672556439331,0.0786272318306511,2
-0.7559861542519168,0.2443220850857252,2
-0.7906764652051453,0.10013861625178777,2
-0.5819878936310356,0.5481681657202306,2
-0.713920049349913,0.36541784748639977,2
-0.7563817558126071,0.27408946754221775,2
-0.7496205264440876,0.2989086523186466,2
-0.6646628331639176,0.4621169942735879,2
-0.7946774724762233,0.16697472188502446,2
-0.7620401855573367,0.28768768858697735,2
-0.8132078048267057,0.0790676105106554,2
-0.6780968005911312,0.46026631738627277,2
-0.810567739505244,-0.13694739621505053,2
-0.8180686364431382,-0.10327252405369114,2
-0.8018849543872223,0.2025375257046197,2
-0.7873238695806287,0.2613695425057828,2
-0.7416830621860586,0.37717859872017756,2
-0.7981179481966569,0.2440129305443285,2
-0.6813128611817247,0.4863507241387338,2
-0.7142722795080677,0.4412953515717479,2
-0.6193760101846758,0.5705388963479523,2
-0.7227453285727345,0.4370444195335517,2
-0.7892892411156989,0.3076216045634542,2
-0.8323780340873597,0.17031691623344994,2
-0.6371350225564064,0.5658489685462326,2
-0.7882097163022735,0.3303470094022558,2
-0.7267222501671597,0.45449823834972175,2
-0.83077154480341,0.22094174500947183,2
-0.7763970754663299,0.37485930037444426,2
-0.7804945990456441,0.37211282830969233,2
-0.7359006887822295,0.45872690936899485,2
-0.7475014638959336,0.4444938136074735,2
-0.8058220926141836,0.3336907166590418,2
-0.7760756171137544,0.4034643590874397,2
-0.8567536812651807,0.18825689392120434,2
-0.7556557961634226,0.4503943659372822,2
-0.6244439675354113,0.623182397023808,2
-0.8024273554734067,0.3725926353044317,2
-0.8392645054727113,0.2877341645119532,2
-0.8597260860257294,0.22908602356840815,2
-0.7694431950648072,0.45169964700548904,2
-0.6862031868286494,0.5741769788198617,2
-0.666051495952947,0.6011826670643248,2
-0.6231208286344352,0.6490526696009052,2
-0.8002746900584107,0.4166841234503587,2
-0.7134489740011873,0.5564033301527256,2
-0.8645203821182846,0.27520908773206354,2
-0.6618289070126993,0.6242371523753323,2
-0.8200408448650831,0.3997362774960956,2
-0.5775318309073081,0.7094308846164459,2
-0.915183853482284,0.0621722589636421,2
-0.7214394305863456,0.5705753814267117,2
-0.7181462271785354,0.5787174780970809,2
-0.5376007992898105,0.7525042668149776,2
-0.6135482993160707,0.6953256115082248,2
-0.7382515636984859,0.565294917442186,2
-0.604223930647242,0.7100381769552119,2
-0.8055427739835316,0.47436402607092387,2
-0.49926645532002367,0.7933130391725904,2
-0.6652977481055667,0.6638495478733626,2
-0.4080851357303686,0.849412234956634,2
-0.6617664753245012,0.6744105758526727,2
-0.5959891675909517,0.7364128171901958,2
-0.8169139119060358,0.4846788431525573,2
-0.7701496176937652,0.5602669406847035,2
-0.3975757096002371,0.8681838251901509,2
-0.707388089613884,0.6451390341014855,2
-0.5280722846221202,0.8015904135287266,2
-0.7975658563227892,0.5386223562094665,2
-0.7871450663143248,0.558084540214185,2
-0.6015925190840412,0.7576180335992914,2
-0.56868878760194,0.7857144543963871,2
-0.4987684787917288,0.8347767398708215,2
-0.4401564627736657,0.8699224745650047,2
-0.6696108639166664,0.712051472678637,2
-0.49302567793778446,0.8468928136384792,2
-0.30377244413072896,0.9343138497849561,2
-0.30267663116938814,0.9373034717778879,2
-0.3380055204297129,0.9278182180292207,2
-0.41026128637119785,0.9009639579212014,2
-0.34814713169657835,0.929415145677483,2
-0.3668813919076253,0.9248773470496502,2
-0.7368833420077012,0.6723069911214813,2
-0.7093302397110822,0.7048763090297606,2
